                  epoch,         train/box_loss,         train/cls_loss,         train/dfl_loss,   metrics/precision(B),      metrics/recall(B),       metrics/mAP50(B),    metrics/mAP50-95(B),           val/box_loss,           val/cls_loss,           val/dfl_loss,                 lr/pg0,                 lr/pg1,                 lr/pg2
                      1,                 1.0732,                 2.9191,                 1.1902,                0.00333,                      1,                0.88108,                0.64461,                0.74955,                 3.4826,                0.92686,                0.00034,                0.00034,                0.00034
                      2,                  1.027,                  1.844,                 1.0613,                      1,                0.14884,                 0.9103,                 0.6414,                0.90308,                 3.3579,                0.96849,             0.00069307,             0.00069307,             0.00069307
                      3,                 1.0753,                 1.7118,                 1.1069,                0.83329,                0.60494,                0.76868,                0.49171,                 1.0161,                 3.3192,                 1.0466,               0.001039,               0.001039,               0.001039
                      4,                  1.182,                 1.8095,                 1.2122,                0.59424,                0.48148,                0.54474,                0.37438,                  1.001,                 3.1424,                 1.0928,              0.0013778,              0.0013778,              0.0013778
                      5,                 1.1012,                 1.5008,                 1.1485,                0.72149,                0.76543,                0.76696,                0.51403,                 1.1291,                 2.3052,                 1.2131,              0.0017095,              0.0017095,              0.0017095
